filepaths,labels,data set,LABELS
train/baseball/001.jpg,baseball,train,0
train/baseball/002.jpg,baseball,train,0
train/baseball/003.jpg,baseball,train,0
train/baseball/004.jpg,baseball,train,0
train/baseball/005.jpg,baseball,train,0
train/baseball/006.jpg,baseball,train,0
train/baseball/007.jpg,baseball,train,0
train/baseball/008.jpg,baseball,train,0
train/baseball/009.jpg,baseball,train,0
train/baseball/010.jpg,baseball,train,0
train/baseball/011.jpg,baseball,train,0
train/baseball/012.jpg,baseball,train,0
train/baseball/013.jpg,baseball,train,0
train/baseball/014.jpg,baseball,train,0
train/baseball/015.jpg,baseball,train,0
train/baseball/016.jpg,baseball,train,0
train/baseball/017.jpg,baseball,train,0
train/baseball/018.jpg,baseball,train,0
train/baseball/019.jpg,baseball,train,0
train/baseball/020.jpg,baseball,train,0
train/baseball/021.jpg,baseball,train,0
train/baseball/022.jpg,baseball,train,0
train/baseball/023.jpg,baseball,train,0
train/baseball/024.jpg,baseball,train,0
train/baseball/025.jpg,baseball,train,0
train/baseball/026.jpg,baseball,train,0
train/baseball/027.jpg,baseball,train,0
train/baseball/028.jpg,baseball,train,0
train/baseball/029.jpg,baseball,train,0
train/baseball/030.jpg,baseball,train,0
train/baseball/031.jpg,baseball,train,0
train/baseball/032.jpg,baseball,train,0
train/baseball/033.jpg,baseball,train,0
train/baseball/034.jpg,baseball,train,0
train/baseball/035.jpg,baseball,train,0
train/baseball/036.jpg,baseball,train,0
train/baseball/037.jpg,baseball,train,0
train/baseball/038.jpg,baseball,train,0
train/baseball/039.jpg,baseball,train,0
train/baseball/040.jpg,baseball,train,0
train/baseball/041.jpg,baseball,train,0
train/baseball/042.jpg,baseball,train,0
train/baseball/043.jpg,baseball,train,0
train/baseball/044.jpg,baseball,train,0
train/baseball/045.jpg,baseball,train,0
train/baseball/046.jpg,baseball,train,0
train/baseball/047.jpg,baseball,train,0
train/baseball/048.jpg,baseball,train,0
train/baseball/049.jpg,baseball,train,0
train/baseball/050.jpg,baseball,train,0
train/baseball/051.jpg,baseball,train,0
train/baseball/052.jpg,baseball,train,0
train/baseball/053.jpg,baseball,train,0
train/baseball/054.jpg,baseball,train,0
train/baseball/055.jpg,baseball,train,0
train/baseball/056.jpg,baseball,train,0
train/baseball/057.jpg,baseball,train,0
train/baseball/058.jpg,baseball,train,0
train/baseball/059.jpg,baseball,train,0
train/baseball/060.jpg,baseball,train,0
train/baseball/061.jpg,baseball,train,0
train/baseball/062.jpg,baseball,train,0
train/baseball/063.jpg,baseball,train,0
train/baseball/064.jpg,baseball,train,0
train/baseball/065.jpg,baseball,train,0
train/baseball/066.jpg,baseball,train,0
train/baseball/067.jpg,baseball,train,0
train/baseball/068.jpg,baseball,train,0
train/baseball/069.jpg,baseball,train,0
train/baseball/070.jpg,baseball,train,0
train/baseball/071.jpg,baseball,train,0
train/baseball/072.jpg,baseball,train,0
train/baseball/073.jpg,baseball,train,0
train/baseball/074.jpg,baseball,train,0
train/baseball/075.jpg,baseball,train,0
train/baseball/076.jpg,baseball,train,0
train/baseball/077.jpg,baseball,train,0
train/baseball/078.jpg,baseball,train,0
train/baseball/079.jpg,baseball,train,0
train/baseball/080.jpg,baseball,train,0
train/baseball/081.jpg,baseball,train,0
train/baseball/082.jpg,baseball,train,0
train/baseball/083.jpg,baseball,train,0
train/baseball/084.jpg,baseball,train,0
train/baseball/085.jpg,baseball,train,0
train/baseball/086.jpg,baseball,train,0
train/baseball/087.jpg,baseball,train,0
train/baseball/088.jpg,baseball,train,0
train/baseball/089.jpg,baseball,train,0
train/baseball/090.jpg,baseball,train,0
train/baseball/091.jpg,baseball,train,0
train/baseball/092.jpg,baseball,train,0
train/baseball/093.jpg,baseball,train,0
train/baseball/094.jpg,baseball,train,0
train/baseball/095.jpg,baseball,train,0
train/baseball/096.jpg,baseball,train,0
train/baseball/097.jpg,baseball,train,0
train/basketball/001.jpg,basketball,train,1
train/basketball/002.jpg,basketball,train,1
train/basketball/003.jpg,basketball,train,1
train/basketball/004.jpg,basketball,train,1
train/basketball/005.jpg,basketball,train,1
train/basketball/006.jpg,basketball,train,1
train/basketball/007.jpg,basketball,train,1
train/basketball/008.jpg,basketball,train,1
train/basketball/009.jpg,basketball,train,1
train/basketball/010.jpg,basketball,train,1
train/basketball/011.jpg,basketball,train,1
train/basketball/012.jpg,basketball,train,1
train/basketball/013.jpg,basketball,train,1
train/basketball/014.jpg,basketball,train,1
train/basketball/015.jpg,basketball,train,1
train/basketball/016.jpg,basketball,train,1
train/basketball/017.jpg,basketball,train,1
train/basketball/018.jpg,basketball,train,1
train/basketball/019.jpg,basketball,train,1
train/basketball/020.jpg,basketball,train,1
train/basketball/021.jpg,basketball,train,1
train/basketball/022.jpg,basketball,train,1
train/basketball/023.jpg,basketball,train,1
train/basketball/024.jpg,basketball,train,1
train/basketball/025.jpg,basketball,train,1
train/basketball/026.jpg,basketball,train,1
train/basketball/027.jpg,basketball,train,1
train/basketball/028.jpg,basketball,train,1
train/basketball/029.jpg,basketball,train,1
train/basketball/030.jpg,basketball,train,1
train/basketball/031.jpg,basketball,train,1
train/basketball/032.jpg,basketball,train,1
train/basketball/033.jpg,basketball,train,1
train/basketball/034.jpg,basketball,train,1
train/basketball/035.jpg,basketball,train,1
train/basketball/036.jpg,basketball,train,1
train/basketball/037.jpg,basketball,train,1
train/basketball/038.jpg,basketball,train,1
train/basketball/039.jpg,basketball,train,1
train/basketball/040.jpg,basketball,train,1
train/basketball/041.jpg,basketball,train,1
train/basketball/042.jpg,basketball,train,1
train/basketball/043.jpg,basketball,train,1
train/basketball/044.jpg,basketball,train,1
train/basketball/045.jpg,basketball,train,1
train/basketball/046.jpg,basketball,train,1
train/basketball/047.jpg,basketball,train,1
train/basketball/048.jpg,basketball,train,1
train/basketball/049.jpg,basketball,train,1
train/basketball/050.jpg,basketball,train,1
train/basketball/051.jpg,basketball,train,1
train/basketball/052.jpg,basketball,train,1
train/basketball/053.jpg,basketball,train,1
train/basketball/054.jpg,basketball,train,1
train/basketball/055.jpg,basketball,train,1
train/basketball/056.jpg,basketball,train,1
train/basketball/057.jpg,basketball,train,1
train/basketball/058.jpg,basketball,train,1
train/basketball/059.jpg,basketball,train,1
train/basketball/060.jpg,basketball,train,1
train/basketball/061.jpg,basketball,train,1
train/basketball/062.jpg,basketball,train,1
train/basketball/063.jpg,basketball,train,1
train/basketball/064.jpg,basketball,train,1
train/basketball/065.jpg,basketball,train,1
train/basketball/066.jpg,basketball,train,1
train/basketball/067.jpg,basketball,train,1
train/basketball/068.jpg,basketball,train,1
train/basketball/069.jpg,basketball,train,1
train/basketball/070.jpg,basketball,train,1
train/basketball/071.jpg,basketball,train,1
train/basketball/072.jpg,basketball,train,1
train/basketball/073.jpg,basketball,train,1
train/basketball/074.jpg,basketball,train,1
train/basketball/075.jpg,basketball,train,1
train/basketball/076.jpg,basketball,train,1
train/basketball/077.jpg,basketball,train,1
train/basketball/078.jpg,basketball,train,1
train/basketball/079.jpg,basketball,train,1
train/basketball/080.jpg,basketball,train,1
train/basketball/081.jpg,basketball,train,1
train/basketball/082.jpg,basketball,train,1
train/basketball/083.jpg,basketball,train,1
train/basketball/084.jpg,basketball,train,1
train/basketball/085.jpg,basketball,train,1
train/basketball/086.jpg,basketball,train,1
train/basketball/087.jpg,basketball,train,1
train/basketball/088.jpg,basketball,train,1
train/basketball/089.jpg,basketball,train,1
train/basketball/090.jpg,basketball,train,1
train/basketball/091.jpg,basketball,train,1
train/basketball/092.jpg,basketball,train,1
train/basketball/093.jpg,basketball,train,1
train/basketball/094.jpg,basketball,train,1
train/basketball/095.jpg,basketball,train,1
train/basketball/096.jpg,basketball,train,1
train/basketball/097.jpg,basketball,train,1
train/beachballs/01.jpg,beachballs,train,2
train/beachballs/02.jpg,beachballs,train,2
train/beachballs/03.jpg,beachballs,train,2
train/beachballs/04.jpg,beachballs,train,2
train/beachballs/05.jpg,beachballs,train,2
train/beachballs/06.jpg,beachballs,train,2
train/beachballs/07.jpg,beachballs,train,2
train/beachballs/08.jpg,beachballs,train,2
train/beachballs/09.jpg,beachballs,train,2
train/beachballs/10.jpg,beachballs,train,2
train/beachballs/11.jpg,beachballs,train,2
train/beachballs/12.jpg,beachballs,train,2
train/beachballs/13.jpg,beachballs,train,2
train/beachballs/14.jpg,beachballs,train,2
train/beachballs/15.jpg,beachballs,train,2
train/beachballs/16.jpg,beachballs,train,2
train/beachballs/17.jpg,beachballs,train,2
train/beachballs/18.jpg,beachballs,train,2
train/beachballs/19.jpg,beachballs,train,2
train/beachballs/20.jpg,beachballs,train,2
train/beachballs/21.jpg,beachballs,train,2
train/beachballs/22.jpg,beachballs,train,2
train/beachballs/23.jpg,beachballs,train,2
train/beachballs/24.jpg,beachballs,train,2
train/beachballs/25.jpg,beachballs,train,2
train/beachballs/26.jpg,beachballs,train,2
train/beachballs/27.jpg,beachballs,train,2
train/beachballs/28.jpg,beachballs,train,2
train/beachballs/29.jpg,beachballs,train,2
train/beachballs/30.jpg,beachballs,train,2
train/beachballs/31.jpg,beachballs,train,2
train/beachballs/32.jpg,beachballs,train,2
train/beachballs/33.jpg,beachballs,train,2
train/beachballs/34.jpg,beachballs,train,2
train/beachballs/35.jpg,beachballs,train,2
train/beachballs/36.jpg,beachballs,train,2
train/beachballs/37.jpg,beachballs,train,2
train/beachballs/38.jpg,beachballs,train,2
train/beachballs/39.jpg,beachballs,train,2
train/beachballs/40.jpg,beachballs,train,2
train/beachballs/41.jpg,beachballs,train,2
train/beachballs/42.jpg,beachballs,train,2
train/beachballs/43.jpg,beachballs,train,2
train/beachballs/44.jpg,beachballs,train,2
train/beachballs/45.jpg,beachballs,train,2
train/beachballs/46.jpg,beachballs,train,2
train/beachballs/47.jpg,beachballs,train,2
train/beachballs/48.jpg,beachballs,train,2
train/beachballs/49.jpg,beachballs,train,2
train/beachballs/50.jpg,beachballs,train,2
train/beachballs/51.jpg,beachballs,train,2
train/beachballs/52.jpg,beachballs,train,2
train/beachballs/53.jpg,beachballs,train,2
train/beachballs/54.jpg,beachballs,train,2
train/beachballs/55.jpg,beachballs,train,2
train/beachballs/56.jpg,beachballs,train,2
train/beachballs/57.jpg,beachballs,train,2
train/beachballs/58.jpg,beachballs,train,2
train/beachballs/59.jpg,beachballs,train,2
train/beachballs/60.jpg,beachballs,train,2
train/beachballs/61.jpg,beachballs,train,2
train/beachballs/62.jpg,beachballs,train,2
train/beachballs/63.jpg,beachballs,train,2
train/beachballs/64.jpg,beachballs,train,2
train/beachballs/65.jpg,beachballs,train,2
train/beachballs/66.jpg,beachballs,train,2
train/beachballs/67.jpg,beachballs,train,2
train/beachballs/68.jpg,beachballs,train,2
train/beachballs/69.jpg,beachballs,train,2
train/beachballs/70.jpg,beachballs,train,2
train/beachballs/71.jpg,beachballs,train,2
train/beachballs/72.jpg,beachballs,train,2
train/beachballs/73.jpg,beachballs,train,2
train/beachballs/74.jpg,beachballs,train,2
train/beachballs/75.jpg,beachballs,train,2
train/beachballs/76.jpg,beachballs,train,2
train/beachballs/77.jpg,beachballs,train,2
train/beachballs/78.jpg,beachballs,train,2
train/beachballs/79.jpg,beachballs,train,2
train/beachballs/80.jpg,beachballs,train,2
train/beachballs/81.jpg,beachballs,train,2
train/beachballs/82.jpg,beachballs,train,2
train/beachballs/83.jpg,beachballs,train,2
train/beachballs/84.jpg,beachballs,train,2
train/beachballs/85.jpg,beachballs,train,2
train/beachballs/86.jpg,beachballs,train,2
train/beachballs/87.jpg,beachballs,train,2
train/beachballs/88.jpg,beachballs,train,2
train/beachballs/89.jpg,beachballs,train,2
train/beachballs/90.jpg,beachballs,train,2
train/beachballs/91.jpg,beachballs,train,2
train/beachballs/92.jpg,beachballs,train,2
train/beachballs/93.jpg,beachballs,train,2
train/beachballs/94.jpg,beachballs,train,2
train/beachballs/95.jpg,beachballs,train,2
train/beachballs/96.jpg,beachballs,train,2
train/beachballs/97.jpg,beachballs,train,2
train/bowling ball/001.jpg,bowling ball,train,3
train/bowling ball/002.jpg,bowling ball,train,3
train/bowling ball/003.jpg,bowling ball,train,3
train/bowling ball/004.jpg,bowling ball,train,3
train/bowling ball/005.jpg,bowling ball,train,3
train/bowling ball/006.jpg,bowling ball,train,3
train/bowling ball/007.jpg,bowling ball,train,3
train/bowling ball/008.jpg,bowling ball,train,3
train/bowling ball/009.jpg,bowling ball,train,3
train/bowling ball/010.jpg,bowling ball,train,3
train/bowling ball/011.jpg,bowling ball,train,3
train/bowling ball/012.jpg,bowling ball,train,3
train/bowling ball/013.jpg,bowling ball,train,3
train/bowling ball/014.jpg,bowling ball,train,3
train/bowling ball/015.jpg,bowling ball,train,3
train/bowling ball/016.jpg,bowling ball,train,3
train/bowling ball/017.jpg,bowling ball,train,3
train/bowling ball/018.jpg,bowling ball,train,3
train/bowling ball/019.jpg,bowling ball,train,3
train/bowling ball/020.jpg,bowling ball,train,3
train/bowling ball/021.jpg,bowling ball,train,3
train/bowling ball/022.jpg,bowling ball,train,3
train/bowling ball/023.jpg,bowling ball,train,3
train/bowling ball/024.jpg,bowling ball,train,3
train/bowling ball/025.jpg,bowling ball,train,3
train/bowling ball/026.jpg,bowling ball,train,3
train/bowling ball/027.jpg,bowling ball,train,3
train/bowling ball/028.jpg,bowling ball,train,3
train/bowling ball/029.jpg,bowling ball,train,3
train/bowling ball/030.jpg,bowling ball,train,3
train/bowling ball/031.jpg,bowling ball,train,3
train/bowling ball/032.jpg,bowling ball,train,3
train/bowling ball/033.jpg,bowling ball,train,3
train/bowling ball/034.jpg,bowling ball,train,3
train/bowling ball/035.jpg,bowling ball,train,3
train/bowling ball/036.jpg,bowling ball,train,3
train/bowling ball/037.jpg,bowling ball,train,3
train/bowling ball/038.jpg,bowling ball,train,3
train/bowling ball/039.jpg,bowling ball,train,3
train/bowling ball/040.jpg,bowling ball,train,3
train/bowling ball/041.jpg,bowling ball,train,3
train/bowling ball/042.jpg,bowling ball,train,3
train/bowling ball/043.jpg,bowling ball,train,3
train/bowling ball/044.jpg,bowling ball,train,3
train/bowling ball/045.jpg,bowling ball,train,3
train/bowling ball/046.jpg,bowling ball,train,3
train/bowling ball/047.jpg,bowling ball,train,3
train/bowling ball/048.jpg,bowling ball,train,3
train/bowling ball/049.jpg,bowling ball,train,3
train/bowling ball/050.jpg,bowling ball,train,3
train/bowling ball/051.jpg,bowling ball,train,3
train/bowling ball/052.jpg,bowling ball,train,3
train/bowling ball/053.jpg,bowling ball,train,3
train/bowling ball/054.jpg,bowling ball,train,3
train/bowling ball/055.jpg,bowling ball,train,3
train/bowling ball/056.jpg,bowling ball,train,3
train/bowling ball/057.jpg,bowling ball,train,3
train/bowling ball/058.jpg,bowling ball,train,3
train/bowling ball/059.jpg,bowling ball,train,3
train/bowling ball/060.jpg,bowling ball,train,3
train/bowling ball/061.jpg,bowling ball,train,3
train/bowling ball/062.jpg,bowling ball,train,3
train/bowling ball/063.jpg,bowling ball,train,3
train/bowling ball/064.jpg,bowling ball,train,3
train/bowling ball/065.jpg,bowling ball,train,3
train/bowling ball/066.jpg,bowling ball,train,3
train/bowling ball/067.jpg,bowling ball,train,3
train/bowling ball/068.jpg,bowling ball,train,3
train/bowling ball/069.jpg,bowling ball,train,3
train/bowling ball/070.jpg,bowling ball,train,3
train/bowling ball/071.jpg,bowling ball,train,3
train/bowling ball/072.jpg,bowling ball,train,3
train/bowling ball/073.jpg,bowling ball,train,3
train/bowling ball/074.jpg,bowling ball,train,3
train/bowling ball/075.jpg,bowling ball,train,3
train/bowling ball/076.jpg,bowling ball,train,3
train/bowling ball/077.jpg,bowling ball,train,3
train/bowling ball/078.jpg,bowling ball,train,3
train/bowling ball/079.jpg,bowling ball,train,3
train/bowling ball/080.jpg,bowling ball,train,3
train/bowling ball/081.jpg,bowling ball,train,3
train/bowling ball/082.jpg,bowling ball,train,3
train/bowling ball/083.jpg,bowling ball,train,3
train/bowling ball/084.jpg,bowling ball,train,3
train/bowling ball/085.jpg,bowling ball,train,3
train/bowling ball/086.jpg,bowling ball,train,3
train/bowling ball/087.jpg,bowling ball,train,3
train/bowling ball/088.jpg,bowling ball,train,3
train/bowling ball/089.jpg,bowling ball,train,3
train/bowling ball/090.jpg,bowling ball,train,3
train/bowling ball/091.jpg,bowling ball,train,3
train/bowling ball/092.jpg,bowling ball,train,3
train/bowling ball/093.jpg,bowling ball,train,3
train/bowling ball/094.jpg,bowling ball,train,3
train/bowling ball/095.jpg,bowling ball,train,3
train/bowling ball/096.jpg,bowling ball,train,3
train/bowling ball/097.jpg,bowling ball,train,3
train/brass/001.jpg,brass,train,4
train/brass/002.jpg,brass,train,4
train/brass/003.jpg,brass,train,4
train/brass/004.jpg,brass,train,4
train/brass/005.jpg,brass,train,4
train/brass/006.jpg,brass,train,4
train/brass/007.jpg,brass,train,4
train/brass/008.jpg,brass,train,4
train/brass/009.jpg,brass,train,4
train/brass/010.jpg,brass,train,4
train/brass/011.jpg,brass,train,4
train/brass/012.jpg,brass,train,4
train/brass/013.jpg,brass,train,4
train/brass/014.jpg,brass,train,4
train/brass/015.jpg,brass,train,4
train/brass/016.jpg,brass,train,4
train/brass/017.jpg,brass,train,4
train/brass/018.jpg,brass,train,4
train/brass/019.jpg,brass,train,4
train/brass/020.jpg,brass,train,4
train/brass/021.jpg,brass,train,4
train/brass/022.jpg,brass,train,4
train/brass/023.jpg,brass,train,4
train/brass/024.jpg,brass,train,4
train/brass/025.jpg,brass,train,4
train/brass/026.jpg,brass,train,4
train/brass/027.jpg,brass,train,4
train/brass/028.jpg,brass,train,4
train/brass/029.jpg,brass,train,4
train/brass/030.jpg,brass,train,4
train/brass/031.jpg,brass,train,4
train/brass/032.jpg,brass,train,4
train/brass/033.jpg,brass,train,4
train/brass/034.jpg,brass,train,4
train/brass/035.jpg,brass,train,4
train/brass/036.jpg,brass,train,4
train/brass/037.jpg,brass,train,4
train/brass/038.jpg,brass,train,4
train/brass/039.jpg,brass,train,4
train/brass/040.jpg,brass,train,4
train/brass/041.jpg,brass,train,4
train/brass/042.jpg,brass,train,4
train/brass/043.jpg,brass,train,4
train/brass/044.jpg,brass,train,4
train/brass/045.jpg,brass,train,4
train/brass/046.jpg,brass,train,4
train/brass/047.jpg,brass,train,4
train/brass/048.jpg,brass,train,4
train/brass/049.jpg,brass,train,4
train/brass/050.jpg,brass,train,4
train/brass/051.jpg,brass,train,4
train/brass/052.jpg,brass,train,4
train/brass/053.jpg,brass,train,4
train/brass/054.jpg,brass,train,4
train/brass/055.jpg,brass,train,4
train/brass/056.jpg,brass,train,4
train/brass/057.jpg,brass,train,4
train/brass/058.jpg,brass,train,4
train/brass/059.jpg,brass,train,4
train/brass/060.jpg,brass,train,4
train/brass/061.jpg,brass,train,4
train/brass/062.jpg,brass,train,4
train/brass/063.jpg,brass,train,4
train/brass/064.jpg,brass,train,4
train/brass/065.jpg,brass,train,4
train/brass/066.jpg,brass,train,4
train/brass/067.jpg,brass,train,4
train/brass/068.jpg,brass,train,4
train/brass/069.jpg,brass,train,4
train/brass/070.jpg,brass,train,4
train/brass/071.jpg,brass,train,4
train/brass/072.jpg,brass,train,4
train/brass/073.jpg,brass,train,4
train/brass/074.jpg,brass,train,4
train/brass/075.jpg,brass,train,4
train/brass/076.jpg,brass,train,4
train/brass/077.jpg,brass,train,4
train/brass/078.jpg,brass,train,4
train/brass/079.jpg,brass,train,4
train/brass/080.jpg,brass,train,4
train/brass/081.jpg,brass,train,4
train/brass/082.jpg,brass,train,4
train/brass/083.jpg,brass,train,4
train/brass/084.jpg,brass,train,4
train/brass/085.jpg,brass,train,4
train/brass/086.jpg,brass,train,4
train/brass/087.jpg,brass,train,4
train/brass/088.jpg,brass,train,4
train/brass/089.jpg,brass,train,4
train/brass/090.jpg,brass,train,4
train/brass/091.jpg,brass,train,4
train/brass/092.jpg,brass,train,4
train/brass/093.jpg,brass,train,4
train/brass/094.jpg,brass,train,4
train/brass/095.jpg,brass,train,4
train/brass/096.jpg,brass,train,4
train/brass/097.jpg,brass,train,4
train/cricket ball/001.jpg,cricket ball,train,5
train/cricket ball/002.jpg,cricket ball,train,5
train/cricket ball/003.jpg,cricket ball,train,5
train/cricket ball/004.jpg,cricket ball,train,5
train/cricket ball/005.jpg,cricket ball,train,5
train/cricket ball/006.jpg,cricket ball,train,5
train/cricket ball/007.jpg,cricket ball,train,5
train/cricket ball/008.jpg,cricket ball,train,5
train/cricket ball/009.jpg,cricket ball,train,5
train/cricket ball/010.jpg,cricket ball,train,5
train/cricket ball/011.jpg,cricket ball,train,5
train/cricket ball/012.jpg,cricket ball,train,5
train/cricket ball/013.jpg,cricket ball,train,5
train/cricket ball/014.jpg,cricket ball,train,5
train/cricket ball/015.jpg,cricket ball,train,5
train/cricket ball/016.jpg,cricket ball,train,5
train/cricket ball/017.jpg,cricket ball,train,5
train/cricket ball/018.jpg,cricket ball,train,5
train/cricket ball/019.jpg,cricket ball,train,5
train/cricket ball/020.jpg,cricket ball,train,5
train/cricket ball/021.jpg,cricket ball,train,5
train/cricket ball/022.jpg,cricket ball,train,5
train/cricket ball/023.jpg,cricket ball,train,5
train/cricket ball/024.jpg,cricket ball,train,5
train/cricket ball/025.jpg,cricket ball,train,5
train/cricket ball/026.jpg,cricket ball,train,5
train/cricket ball/027.jpg,cricket ball,train,5
train/cricket ball/028.jpg,cricket ball,train,5
train/cricket ball/029.jpg,cricket ball,train,5
train/cricket ball/030.jpg,cricket ball,train,5
train/cricket ball/031.jpg,cricket ball,train,5
train/cricket ball/032.jpg,cricket ball,train,5
train/cricket ball/033.jpg,cricket ball,train,5
train/cricket ball/034.jpg,cricket ball,train,5
train/cricket ball/035.jpg,cricket ball,train,5
train/cricket ball/036.jpg,cricket ball,train,5
train/cricket ball/037.jpg,cricket ball,train,5
train/cricket ball/038.jpg,cricket ball,train,5
train/cricket ball/039.jpg,cricket ball,train,5
train/cricket ball/040.jpg,cricket ball,train,5
train/cricket ball/041.jpg,cricket ball,train,5
train/cricket ball/042.jpg,cricket ball,train,5
train/cricket ball/043.jpg,cricket ball,train,5
train/cricket ball/044.jpg,cricket ball,train,5
train/cricket ball/045.jpg,cricket ball,train,5
train/cricket ball/046.jpg,cricket ball,train,5
train/cricket ball/047.jpg,cricket ball,train,5
train/cricket ball/048.jpg,cricket ball,train,5
train/cricket ball/049.jpg,cricket ball,train,5
train/cricket ball/050.jpg,cricket ball,train,5
train/cricket ball/051.jpg,cricket ball,train,5
train/cricket ball/052.jpg,cricket ball,train,5
train/cricket ball/053.jpg,cricket ball,train,5
train/cricket ball/054.jpg,cricket ball,train,5
train/cricket ball/055.jpg,cricket ball,train,5
train/cricket ball/056.jpg,cricket ball,train,5
train/cricket ball/057.jpg,cricket ball,train,5
train/cricket ball/058.jpg,cricket ball,train,5
train/cricket ball/059.jpg,cricket ball,train,5
train/cricket ball/060.jpg,cricket ball,train,5
train/cricket ball/061.jpg,cricket ball,train,5
train/cricket ball/062.jpg,cricket ball,train,5
train/cricket ball/063.jpg,cricket ball,train,5
train/cricket ball/064.jpg,cricket ball,train,5
train/cricket ball/065.jpg,cricket ball,train,5
train/cricket ball/066.jpg,cricket ball,train,5
train/cricket ball/067.jpg,cricket ball,train,5
train/cricket ball/068.jpg,cricket ball,train,5
train/cricket ball/069.jpg,cricket ball,train,5
train/cricket ball/070.jpg,cricket ball,train,5
train/cricket ball/071.jpg,cricket ball,train,5
train/cricket ball/072.jpg,cricket ball,train,5
train/cricket ball/073.jpg,cricket ball,train,5
train/cricket ball/074.jpg,cricket ball,train,5
train/cricket ball/075.jpg,cricket ball,train,5
train/cricket ball/076.jpg,cricket ball,train,5
train/cricket ball/077.jpg,cricket ball,train,5
train/cricket ball/078.jpg,cricket ball,train,5
train/cricket ball/079.jpg,cricket ball,train,5
train/cricket ball/080.jpg,cricket ball,train,5
train/cricket ball/081.jpg,cricket ball,train,5
train/cricket ball/082.jpg,cricket ball,train,5
train/cricket ball/083.jpg,cricket ball,train,5
train/cricket ball/084.jpg,cricket ball,train,5
train/cricket ball/085.jpg,cricket ball,train,5
train/cricket ball/086.jpg,cricket ball,train,5
train/cricket ball/087.jpg,cricket ball,train,5
train/cricket ball/088.jpg,cricket ball,train,5
train/cricket ball/089.jpg,cricket ball,train,5
train/cricket ball/090.jpg,cricket ball,train,5
train/cricket ball/091.jpg,cricket ball,train,5
train/cricket ball/092.jpg,cricket ball,train,5
train/cricket ball/093.jpg,cricket ball,train,5
train/cricket ball/094.jpg,cricket ball,train,5
train/cricket ball/095.jpg,cricket ball,train,5
train/cricket ball/096.jpg,cricket ball,train,5
train/cricket ball/097.jpg,cricket ball,train,5
train/football/001.jpg,football,train,6
train/football/002.jpg,football,train,6
train/football/003.jpg,football,train,6
train/football/004.jpg,football,train,6
train/football/005.jpg,football,train,6
train/football/006.jpg,football,train,6
train/football/007.jpg,football,train,6
train/football/008.jpg,football,train,6
train/football/009.jpg,football,train,6
train/football/010.jpg,football,train,6
train/football/011.jpg,football,train,6
train/football/012.jpg,football,train,6
train/football/013.jpg,football,train,6
train/football/014.jpg,football,train,6
train/football/015.jpg,football,train,6
train/football/016.jpg,football,train,6
train/football/017.jpg,football,train,6
train/football/018.jpg,football,train,6
train/football/019.jpg,football,train,6
train/football/020.jpg,football,train,6
train/football/021.jpg,football,train,6
train/football/022.jpg,football,train,6
train/football/023.jpg,football,train,6
train/football/024.jpg,football,train,6
train/football/025.jpg,football,train,6
train/football/026.jpg,football,train,6
train/football/027.jpg,football,train,6
train/football/028.jpg,football,train,6
train/football/029.jpg,football,train,6
train/football/030.jpg,football,train,6
train/football/031.jpg,football,train,6
train/football/032.jpg,football,train,6
train/football/033.jpg,football,train,6
train/football/034.jpg,football,train,6
train/football/035.jpg,football,train,6
train/football/036.jpg,football,train,6
train/football/037.jpg,football,train,6
train/football/038.jpg,football,train,6
train/football/039.jpg,football,train,6
train/football/040.jpg,football,train,6
train/football/041.jpg,football,train,6
train/football/042.jpg,football,train,6
train/football/043.jpg,football,train,6
train/football/044.jpg,football,train,6
train/football/045.jpg,football,train,6
train/football/046.jpg,football,train,6
train/football/047.jpg,football,train,6
train/football/048.jpg,football,train,6
train/football/049.jpg,football,train,6
train/football/050.jpg,football,train,6
train/football/051.jpg,football,train,6
train/football/052.jpg,football,train,6
train/football/053.jpg,football,train,6
train/football/054.jpg,football,train,6
train/football/055.jpg,football,train,6
train/football/056.jpg,football,train,6
train/football/057.jpg,football,train,6
train/football/058.jpg,football,train,6
train/football/059.jpg,football,train,6
train/football/060.jpg,football,train,6
train/football/061.jpg,football,train,6
train/football/062.jpg,football,train,6
train/football/063.jpg,football,train,6
train/football/064.jpg,football,train,6
train/football/065.jpg,football,train,6
train/football/066.jpg,football,train,6
train/football/067.jpg,football,train,6
train/football/068.jpg,football,train,6
train/football/069.jpg,football,train,6
train/football/070.jpg,football,train,6
train/football/071.jpg,football,train,6
train/football/072.jpg,football,train,6
train/football/073.jpg,football,train,6
train/football/074.jpg,football,train,6
train/football/075.jpg,football,train,6
train/football/076.jpg,football,train,6
train/football/077.jpg,football,train,6
train/football/078.jpg,football,train,6
train/football/079.jpg,football,train,6
train/football/080.jpg,football,train,6
train/football/081.jpg,football,train,6
train/football/082.jpg,football,train,6
train/football/083.jpg,football,train,6
train/football/084.jpg,football,train,6
train/football/085.jpg,football,train,6
train/football/086.jpg,football,train,6
train/football/087.jpg,football,train,6
train/football/088.jpg,football,train,6
train/football/089.jpg,football,train,6
train/football/090.jpg,football,train,6
train/football/091.jpg,football,train,6
train/football/092.jpg,football,train,6
train/football/093.jpg,football,train,6
train/football/094.jpg,football,train,6
train/football/095.jpg,football,train,6
train/football/096.jpg,football,train,6
train/football/097.jpg,football,train,6
train/golf ball/001.jpg,golf ball,train,7
train/golf ball/002.jpg,golf ball,train,7
train/golf ball/003.jpg,golf ball,train,7
train/golf ball/004.jpg,golf ball,train,7
train/golf ball/005.jpg,golf ball,train,7
train/golf ball/006.jpg,golf ball,train,7
train/golf ball/007.jpg,golf ball,train,7
train/golf ball/008.jpg,golf ball,train,7
train/golf ball/009.jpg,golf ball,train,7
train/golf ball/010.jpg,golf ball,train,7
train/golf ball/011.jpg,golf ball,train,7
train/golf ball/012.jpg,golf ball,train,7
train/golf ball/013.jpg,golf ball,train,7
train/golf ball/014.jpg,golf ball,train,7
train/golf ball/015.jpg,golf ball,train,7
train/golf ball/016.jpg,golf ball,train,7
train/golf ball/017.jpg,golf ball,train,7
train/golf ball/018.jpg,golf ball,train,7
train/golf ball/019.jpg,golf ball,train,7
train/golf ball/020.jpg,golf ball,train,7
train/golf ball/021.jpg,golf ball,train,7
train/golf ball/022.jpg,golf ball,train,7
train/golf ball/023.jpg,golf ball,train,7
train/golf ball/024.jpg,golf ball,train,7
train/golf ball/025.jpg,golf ball,train,7
train/golf ball/026.jpg,golf ball,train,7
train/golf ball/027.jpg,golf ball,train,7
train/golf ball/028.jpg,golf ball,train,7
train/golf ball/029.jpg,golf ball,train,7
train/golf ball/030.jpg,golf ball,train,7
train/golf ball/031.jpg,golf ball,train,7
train/golf ball/032.jpg,golf ball,train,7
train/golf ball/033.jpg,golf ball,train,7
train/golf ball/034.jpg,golf ball,train,7
train/golf ball/035.jpg,golf ball,train,7
train/golf ball/036.jpg,golf ball,train,7
train/golf ball/037.jpg,golf ball,train,7
train/golf ball/038.jpg,golf ball,train,7
train/golf ball/039.jpg,golf ball,train,7
train/golf ball/040.jpg,golf ball,train,7
train/golf ball/041.jpg,golf ball,train,7
train/golf ball/042.jpg,golf ball,train,7
train/golf ball/043.jpg,golf ball,train,7
train/golf ball/044.jpg,golf ball,train,7
train/golf ball/045.jpg,golf ball,train,7
train/golf ball/046.jpg,golf ball,train,7
train/golf ball/047.jpg,golf ball,train,7
train/golf ball/048.jpg,golf ball,train,7
train/golf ball/049.jpg,golf ball,train,7
train/golf ball/050.jpg,golf ball,train,7
train/golf ball/051.jpg,golf ball,train,7
train/golf ball/052.jpg,golf ball,train,7
train/golf ball/053.jpg,golf ball,train,7
train/golf ball/054.jpg,golf ball,train,7
train/golf ball/055.jpg,golf ball,train,7
train/golf ball/056.jpg,golf ball,train,7
train/golf ball/057.jpg,golf ball,train,7
train/golf ball/058.jpg,golf ball,train,7
train/golf ball/059.jpg,golf ball,train,7
train/golf ball/060.jpg,golf ball,train,7
train/golf ball/061.jpg,golf ball,train,7
train/golf ball/062.jpg,golf ball,train,7
train/golf ball/063.jpg,golf ball,train,7
train/golf ball/064.jpg,golf ball,train,7
train/golf ball/065.jpg,golf ball,train,7
train/golf ball/066.jpg,golf ball,train,7
train/golf ball/067.jpg,golf ball,train,7
train/golf ball/068.jpg,golf ball,train,7
train/golf ball/069.jpg,golf ball,train,7
train/golf ball/070.jpg,golf ball,train,7
train/golf ball/071.jpg,golf ball,train,7
train/golf ball/072.jpg,golf ball,train,7
train/golf ball/073.jpg,golf ball,train,7
train/golf ball/074.jpg,golf ball,train,7
train/golf ball/075.jpg,golf ball,train,7
train/golf ball/076.jpg,golf ball,train,7
train/golf ball/077.jpg,golf ball,train,7
train/golf ball/078.jpg,golf ball,train,7
train/golf ball/079.jpg,golf ball,train,7
train/golf ball/080.jpg,golf ball,train,7
train/golf ball/081.jpg,golf ball,train,7
train/golf ball/082.jpg,golf ball,train,7
train/golf ball/083.jpg,golf ball,train,7
train/golf ball/084.jpg,golf ball,train,7
train/golf ball/085.jpg,golf ball,train,7
train/golf ball/086.jpg,golf ball,train,7
train/golf ball/087.jpg,golf ball,train,7
train/golf ball/088.jpg,golf ball,train,7
train/golf ball/089.jpg,golf ball,train,7
train/golf ball/090.jpg,golf ball,train,7
train/golf ball/091.jpg,golf ball,train,7
train/golf ball/092.jpg,golf ball,train,7
train/golf ball/093.jpg,golf ball,train,7
train/golf ball/094.jpg,golf ball,train,7
train/golf ball/095.jpg,golf ball,train,7
train/golf ball/096.jpg,golf ball,train,7
train/golf ball/097.jpg,golf ball,train,7
train/soccer ball/001.jpg,soccer ball,train,8
train/soccer ball/002.jpg,soccer ball,train,8
train/soccer ball/003.jpg,soccer ball,train,8
train/soccer ball/004.jpg,soccer ball,train,8
train/soccer ball/005.jpg,soccer ball,train,8
train/soccer ball/006.jpg,soccer ball,train,8
train/soccer ball/007.jpg,soccer ball,train,8
train/soccer ball/008.jpg,soccer ball,train,8
train/soccer ball/009.jpg,soccer ball,train,8
train/soccer ball/010.jpg,soccer ball,train,8
train/soccer ball/011.jpg,soccer ball,train,8
train/soccer ball/012.jpg,soccer ball,train,8
train/soccer ball/013.jpg,soccer ball,train,8
train/soccer ball/014.jpg,soccer ball,train,8
train/soccer ball/015.jpg,soccer ball,train,8
train/soccer ball/016.jpg,soccer ball,train,8
train/soccer ball/017.jpg,soccer ball,train,8
train/soccer ball/018.jpg,soccer ball,train,8
train/soccer ball/019.jpg,soccer ball,train,8
train/soccer ball/020.jpg,soccer ball,train,8
train/soccer ball/021.jpg,soccer ball,train,8
train/soccer ball/022.jpg,soccer ball,train,8
train/soccer ball/023.jpg,soccer ball,train,8
train/soccer ball/024.jpg,soccer ball,train,8
train/soccer ball/025.jpg,soccer ball,train,8
train/soccer ball/026.jpg,soccer ball,train,8
train/soccer ball/027.jpg,soccer ball,train,8
train/soccer ball/028.jpg,soccer ball,train,8
train/soccer ball/029.jpg,soccer ball,train,8
train/soccer ball/030.jpg,soccer ball,train,8
train/soccer ball/031.jpg,soccer ball,train,8
train/soccer ball/032.jpg,soccer ball,train,8
train/soccer ball/033.jpg,soccer ball,train,8
train/soccer ball/034.jpg,soccer ball,train,8
train/soccer ball/035.jpg,soccer ball,train,8
train/soccer ball/036.jpg,soccer ball,train,8
train/soccer ball/037.jpg,soccer ball,train,8
train/soccer ball/038.jpg,soccer ball,train,8
train/soccer ball/039.jpg,soccer ball,train,8
train/soccer ball/040.jpg,soccer ball,train,8
train/soccer ball/041.jpg,soccer ball,train,8
train/soccer ball/042.jpg,soccer ball,train,8
train/soccer ball/043.jpg,soccer ball,train,8
train/soccer ball/044.jpg,soccer ball,train,8
train/soccer ball/045.jpg,soccer ball,train,8
train/soccer ball/046.jpg,soccer ball,train,8
train/soccer ball/047.jpg,soccer ball,train,8
train/soccer ball/048.jpg,soccer ball,train,8
train/soccer ball/049.jpg,soccer ball,train,8
train/soccer ball/050.jpg,soccer ball,train,8
train/soccer ball/051.jpg,soccer ball,train,8
train/soccer ball/052.jpg,soccer ball,train,8
train/soccer ball/053.jpg,soccer ball,train,8
train/soccer ball/054.jpg,soccer ball,train,8
train/soccer ball/055.jpg,soccer ball,train,8
train/soccer ball/056.jpg,soccer ball,train,8
train/soccer ball/057.jpg,soccer ball,train,8
train/soccer ball/058.jpg,soccer ball,train,8
train/soccer ball/059.jpg,soccer ball,train,8
train/soccer ball/060.jpg,soccer ball,train,8
train/soccer ball/061.jpg,soccer ball,train,8
train/soccer ball/062.jpg,soccer ball,train,8
train/soccer ball/063.jpg,soccer ball,train,8
train/soccer ball/064.jpg,soccer ball,train,8
train/soccer ball/065.jpg,soccer ball,train,8
train/soccer ball/066.jpg,soccer ball,train,8
train/soccer ball/067.jpg,soccer ball,train,8
train/soccer ball/068.jpg,soccer ball,train,8
train/soccer ball/069.jpg,soccer ball,train,8
train/soccer ball/070.jpg,soccer ball,train,8
train/soccer ball/071.jpg,soccer ball,train,8
train/soccer ball/072.jpg,soccer ball,train,8
train/soccer ball/073.jpg,soccer ball,train,8
train/soccer ball/074.jpg,soccer ball,train,8
train/soccer ball/075.jpg,soccer ball,train,8
train/soccer ball/076.jpg,soccer ball,train,8
train/soccer ball/077.jpg,soccer ball,train,8
train/soccer ball/078.jpg,soccer ball,train,8
train/soccer ball/079.jpg,soccer ball,train,8
train/soccer ball/080.jpg,soccer ball,train,8
train/soccer ball/081.jpg,soccer ball,train,8
train/soccer ball/082.jpg,soccer ball,train,8
train/soccer ball/083.jpg,soccer ball,train,8
train/soccer ball/084.jpg,soccer ball,train,8
train/soccer ball/085.jpg,soccer ball,train,8
train/soccer ball/086.jpg,soccer ball,train,8
train/soccer ball/087.jpg,soccer ball,train,8
train/soccer ball/088.jpg,soccer ball,train,8
train/soccer ball/089.jpg,soccer ball,train,8
train/soccer ball/090.jpg,soccer ball,train,8
train/soccer ball/091.jpg,soccer ball,train,8
train/soccer ball/092.jpg,soccer ball,train,8
train/soccer ball/093.jpg,soccer ball,train,8
train/soccer ball/094.jpg,soccer ball,train,8
train/soccer ball/095.jpg,soccer ball,train,8
train/soccer ball/096.jpg,soccer ball,train,8
train/soccer ball/097.jpg,soccer ball,train,8
train/tennis ball/001.jpg,tennis ball,train,9
train/tennis ball/002.jpg,tennis ball,train,9
train/tennis ball/003.jpg,tennis ball,train,9
train/tennis ball/004.jpg,tennis ball,train,9
train/tennis ball/005.jpg,tennis ball,train,9
train/tennis ball/006.jpg,tennis ball,train,9
train/tennis ball/007.jpg,tennis ball,train,9
train/tennis ball/008.jpg,tennis ball,train,9
train/tennis ball/009.jpg,tennis ball,train,9
train/tennis ball/010.jpg,tennis ball,train,9
train/tennis ball/011.jpg,tennis ball,train,9
train/tennis ball/012.jpg,tennis ball,train,9
train/tennis ball/013.jpg,tennis ball,train,9
train/tennis ball/014.jpg,tennis ball,train,9
train/tennis ball/015.jpg,tennis ball,train,9
train/tennis ball/016.jpg,tennis ball,train,9
train/tennis ball/017.jpg,tennis ball,train,9
train/tennis ball/018.jpg,tennis ball,train,9
train/tennis ball/019.jpg,tennis ball,train,9
train/tennis ball/020.jpg,tennis ball,train,9
train/tennis ball/021.jpg,tennis ball,train,9
train/tennis ball/022.jpg,tennis ball,train,9
train/tennis ball/023.jpg,tennis ball,train,9
train/tennis ball/024.jpg,tennis ball,train,9
train/tennis ball/025.jpg,tennis ball,train,9
train/tennis ball/026.jpg,tennis ball,train,9
train/tennis ball/027.jpg,tennis ball,train,9
train/tennis ball/028.jpg,tennis ball,train,9
train/tennis ball/029.jpg,tennis ball,train,9
train/tennis ball/030.jpg,tennis ball,train,9
train/tennis ball/031.jpg,tennis ball,train,9
train/tennis ball/032.jpg,tennis ball,train,9
train/tennis ball/033.jpg,tennis ball,train,9
train/tennis ball/034.jpg,tennis ball,train,9
train/tennis ball/035.jpg,tennis ball,train,9
train/tennis ball/036.jpg,tennis ball,train,9
train/tennis ball/037.jpg,tennis ball,train,9
train/tennis ball/038.jpg,tennis ball,train,9
train/tennis ball/039.jpg,tennis ball,train,9
train/tennis ball/040.jpg,tennis ball,train,9
train/tennis ball/041.jpg,tennis ball,train,9
train/tennis ball/042.jpg,tennis ball,train,9
train/tennis ball/043.jpg,tennis ball,train,9
train/tennis ball/044.jpg,tennis ball,train,9
train/tennis ball/045.jpg,tennis ball,train,9
train/tennis ball/046.jpg,tennis ball,train,9
train/tennis ball/047.jpg,tennis ball,train,9
train/tennis ball/048.jpg,tennis ball,train,9
train/tennis ball/049.jpg,tennis ball,train,9
train/tennis ball/050.jpg,tennis ball,train,9
train/tennis ball/051.jpg,tennis ball,train,9
train/tennis ball/052.jpg,tennis ball,train,9
train/tennis ball/053.jpg,tennis ball,train,9
train/tennis ball/054.jpg,tennis ball,train,9
train/tennis ball/055.jpg,tennis ball,train,9
train/tennis ball/056.jpg,tennis ball,train,9
train/tennis ball/057.jpg,tennis ball,train,9
train/tennis ball/058.jpg,tennis ball,train,9
train/tennis ball/059.jpg,tennis ball,train,9
train/tennis ball/060.jpg,tennis ball,train,9
train/tennis ball/061.jpg,tennis ball,train,9
train/tennis ball/062.jpg,tennis ball,train,9
train/tennis ball/063.jpg,tennis ball,train,9
train/tennis ball/064.jpg,tennis ball,train,9
train/tennis ball/065.jpg,tennis ball,train,9
train/tennis ball/066.jpg,tennis ball,train,9
train/tennis ball/067.jpg,tennis ball,train,9
train/tennis ball/068.jpg,tennis ball,train,9
train/tennis ball/069.jpg,tennis ball,train,9
train/tennis ball/070.jpg,tennis ball,train,9
train/tennis ball/071.jpg,tennis ball,train,9
train/tennis ball/072.jpg,tennis ball,train,9
train/tennis ball/073.jpg,tennis ball,train,9
train/tennis ball/074.jpg,tennis ball,train,9
train/tennis ball/075.jpg,tennis ball,train,9
train/tennis ball/076.jpg,tennis ball,train,9
train/tennis ball/077.jpg,tennis ball,train,9
train/tennis ball/078.jpg,tennis ball,train,9
train/tennis ball/079.jpg,tennis ball,train,9
train/tennis ball/080.jpg,tennis ball,train,9
train/tennis ball/081.jpg,tennis ball,train,9
train/tennis ball/082.jpg,tennis ball,train,9
train/tennis ball/083.jpg,tennis ball,train,9
train/tennis ball/084.jpg,tennis ball,train,9
train/tennis ball/085.jpg,tennis ball,train,9
train/tennis ball/086.jpg,tennis ball,train,9
train/tennis ball/087.jpg,tennis ball,train,9
train/tennis ball/088.jpg,tennis ball,train,9
train/tennis ball/089.jpg,tennis ball,train,9
train/tennis ball/090.jpg,tennis ball,train,9
train/tennis ball/091.jpg,tennis ball,train,9
train/tennis ball/092.jpg,tennis ball,train,9
train/tennis ball/093.jpg,tennis ball,train,9
train/tennis ball/094.jpg,tennis ball,train,9
train/tennis ball/095.jpg,tennis ball,train,9
train/tennis ball/096.jpg,tennis ball,train,9
train/tennis ball/097.jpg,tennis ball,train,9
train/volley ball/001.jpg,volley ball,train,10
train/volley ball/002.jpg,volley ball,train,10
train/volley ball/003.jpg,volley ball,train,10
train/volley ball/004.jpg,volley ball,train,10
train/volley ball/005.jpg,volley ball,train,10
train/volley ball/006.jpg,volley ball,train,10
train/volley ball/007.jpg,volley ball,train,10
train/volley ball/008.jpg,volley ball,train,10
train/volley ball/009.jpg,volley ball,train,10
train/volley ball/010.jpg,volley ball,train,10
train/volley ball/011.jpg,volley ball,train,10
train/volley ball/012.jpg,volley ball,train,10
train/volley ball/013.jpg,volley ball,train,10
train/volley ball/014.jpg,volley ball,train,10
train/volley ball/015.jpg,volley ball,train,10
train/volley ball/016.jpg,volley ball,train,10
train/volley ball/017.jpg,volley ball,train,10
train/volley ball/018.jpg,volley ball,train,10
train/volley ball/019.jpg,volley ball,train,10
train/volley ball/020.jpg,volley ball,train,10
train/volley ball/021.jpg,volley ball,train,10
train/volley ball/022.jpg,volley ball,train,10
train/volley ball/023.jpg,volley ball,train,10
train/volley ball/024.jpg,volley ball,train,10
train/volley ball/025.jpg,volley ball,train,10
train/volley ball/026.jpg,volley ball,train,10
train/volley ball/027.jpg,volley ball,train,10
train/volley ball/028.jpg,volley ball,train,10
train/volley ball/029.jpg,volley ball,train,10
train/volley ball/030.jpg,volley ball,train,10
train/volley ball/031.jpg,volley ball,train,10
train/volley ball/032.jpg,volley ball,train,10
train/volley ball/033.jpg,volley ball,train,10
train/volley ball/034.jpg,volley ball,train,10
train/volley ball/035.jpg,volley ball,train,10
train/volley ball/036.jpg,volley ball,train,10
train/volley ball/037.jpg,volley ball,train,10
train/volley ball/038.jpg,volley ball,train,10
train/volley ball/039.jpg,volley ball,train,10
train/volley ball/040.jpg,volley ball,train,10
train/volley ball/041.jpg,volley ball,train,10
train/volley ball/042.jpg,volley ball,train,10
train/volley ball/043.jpg,volley ball,train,10
train/volley ball/044.jpg,volley ball,train,10
train/volley ball/045.jpg,volley ball,train,10
train/volley ball/046.jpg,volley ball,train,10
train/volley ball/047.jpg,volley ball,train,10
train/volley ball/048.jpg,volley ball,train,10
train/volley ball/049.jpg,volley ball,train,10
train/volley ball/050.jpg,volley ball,train,10
train/volley ball/051.jpg,volley ball,train,10
train/volley ball/052.jpg,volley ball,train,10
train/volley ball/053.jpg,volley ball,train,10
train/volley ball/054.jpg,volley ball,train,10
train/volley ball/055.jpg,volley ball,train,10
train/volley ball/056.jpg,volley ball,train,10
train/volley ball/057.jpg,volley ball,train,10
train/volley ball/058.jpg,volley ball,train,10
train/volley ball/059.jpg,volley ball,train,10
train/volley ball/060.jpg,volley ball,train,10
train/volley ball/061.jpg,volley ball,train,10
train/volley ball/062.jpg,volley ball,train,10
train/volley ball/063.jpg,volley ball,train,10
train/volley ball/064.jpg,volley ball,train,10
train/volley ball/065.jpg,volley ball,train,10
train/volley ball/066.jpg,volley ball,train,10
train/volley ball/067.jpg,volley ball,train,10
train/volley ball/068.jpg,volley ball,train,10
train/volley ball/069.jpg,volley ball,train,10
train/volley ball/070.jpg,volley ball,train,10
train/volley ball/071.jpg,volley ball,train,10
train/volley ball/072.jpg,volley ball,train,10
train/volley ball/073.jpg,volley ball,train,10
train/volley ball/074.jpg,volley ball,train,10
train/volley ball/075.jpg,volley ball,train,10
train/volley ball/076.jpg,volley ball,train,10
train/volley ball/077.jpg,volley ball,train,10
train/volley ball/078.jpg,volley ball,train,10
train/volley ball/079.jpg,volley ball,train,10
train/volley ball/080.jpg,volley ball,train,10
train/volley ball/081.jpg,volley ball,train,10
train/volley ball/082.jpg,volley ball,train,10
train/volley ball/083.jpg,volley ball,train,10
train/volley ball/084.jpg,volley ball,train,10
train/volley ball/085.jpg,volley ball,train,10
train/volley ball/086.jpg,volley ball,train,10
train/volley ball/087.jpg,volley ball,train,10
train/volley ball/088.jpg,volley ball,train,10
train/volley ball/089.jpg,volley ball,train,10
train/volley ball/090.jpg,volley ball,train,10
train/volley ball/091.jpg,volley ball,train,10
train/volley ball/092.jpg,volley ball,train,10
train/volley ball/093.jpg,volley ball,train,10
train/volley ball/094.jpg,volley ball,train,10
train/volley ball/095.jpg,volley ball,train,10
train/volley ball/096.jpg,volley ball,train,10
train/volley ball/097.jpg,volley ball,train,10
train/water polo ball/001.jpg,water polo ball,train,11
train/water polo ball/002.jpg,water polo ball,train,11
train/water polo ball/003.jpg,water polo ball,train,11
train/water polo ball/004.jpg,water polo ball,train,11
train/water polo ball/005.jpg,water polo ball,train,11
train/water polo ball/006.jpg,water polo ball,train,11
train/water polo ball/007.jpg,water polo ball,train,11
train/water polo ball/008.jpg,water polo ball,train,11
train/water polo ball/009.jpg,water polo ball,train,11
train/water polo ball/010.jpg,water polo ball,train,11
train/water polo ball/011.jpg,water polo ball,train,11
train/water polo ball/012.jpg,water polo ball,train,11
train/water polo ball/013.jpg,water polo ball,train,11
train/water polo ball/014.jpg,water polo ball,train,11
train/water polo ball/015.jpg,water polo ball,train,11
train/water polo ball/016.jpg,water polo ball,train,11
train/water polo ball/017.jpg,water polo ball,train,11
train/water polo ball/018.jpg,water polo ball,train,11
train/water polo ball/019.jpg,water polo ball,train,11
train/water polo ball/020.jpg,water polo ball,train,11
train/water polo ball/021.jpg,water polo ball,train,11
train/water polo ball/022.jpg,water polo ball,train,11
train/water polo ball/023.jpg,water polo ball,train,11
train/water polo ball/024.jpg,water polo ball,train,11
train/water polo ball/025.jpg,water polo ball,train,11
train/water polo ball/026.jpg,water polo ball,train,11
train/water polo ball/027.jpg,water polo ball,train,11
train/water polo ball/028.jpg,water polo ball,train,11
train/water polo ball/029.jpg,water polo ball,train,11
train/water polo ball/030.jpg,water polo ball,train,11
train/water polo ball/031.jpg,water polo ball,train,11
train/water polo ball/032.jpg,water polo ball,train,11
train/water polo ball/033.jpg,water polo ball,train,11
train/water polo ball/034.jpg,water polo ball,train,11
train/water polo ball/035.jpg,water polo ball,train,11
train/water polo ball/036.jpg,water polo ball,train,11
train/water polo ball/037.jpg,water polo ball,train,11
train/water polo ball/038.jpg,water polo ball,train,11
train/water polo ball/039.jpg,water polo ball,train,11
train/water polo ball/040.jpg,water polo ball,train,11
train/water polo ball/041.jpg,water polo ball,train,11
train/water polo ball/042.jpg,water polo ball,train,11
train/water polo ball/043.jpg,water polo ball,train,11
train/water polo ball/044.jpg,water polo ball,train,11
train/water polo ball/045.jpg,water polo ball,train,11
train/water polo ball/046.jpg,water polo ball,train,11
train/water polo ball/047.jpg,water polo ball,train,11
train/water polo ball/048.jpg,water polo ball,train,11
train/water polo ball/049.jpg,water polo ball,train,11
train/water polo ball/050.jpg,water polo ball,train,11
train/water polo ball/051.jpg,water polo ball,train,11
train/water polo ball/052.jpg,water polo ball,train,11
train/water polo ball/053.jpg,water polo ball,train,11
train/water polo ball/054.jpg,water polo ball,train,11
train/water polo ball/055.jpg,water polo ball,train,11
train/water polo ball/056.jpg,water polo ball,train,11
train/water polo ball/057.jpg,water polo ball,train,11
train/water polo ball/058.jpg,water polo ball,train,11
train/water polo ball/059.jpg,water polo ball,train,11
train/water polo ball/060.jpg,water polo ball,train,11
train/water polo ball/061.jpg,water polo ball,train,11
train/water polo ball/062.jpg,water polo ball,train,11
train/water polo ball/063.jpg,water polo ball,train,11
train/water polo ball/064.jpg,water polo ball,train,11
train/water polo ball/065.jpg,water polo ball,train,11
train/water polo ball/066.jpg,water polo ball,train,11
train/water polo ball/067.jpg,water polo ball,train,11
train/water polo ball/068.jpg,water polo ball,train,11
train/water polo ball/069.jpg,water polo ball,train,11
train/water polo ball/070.jpg,water polo ball,train,11
train/water polo ball/071.jpg,water polo ball,train,11
train/water polo ball/072.jpg,water polo ball,train,11
train/water polo ball/073.jpg,water polo ball,train,11
train/water polo ball/074.jpg,water polo ball,train,11
train/water polo ball/075.jpg,water polo ball,train,11
train/water polo ball/076.jpg,water polo ball,train,11
train/water polo ball/077.jpg,water polo ball,train,11
train/water polo ball/078.jpg,water polo ball,train,11
train/water polo ball/079.jpg,water polo ball,train,11
train/water polo ball/080.jpg,water polo ball,train,11
train/water polo ball/081.jpg,water polo ball,train,11
train/water polo ball/082.jpg,water polo ball,train,11
train/water polo ball/083.jpg,water polo ball,train,11
train/water polo ball/084.jpg,water polo ball,train,11
train/water polo ball/085.jpg,water polo ball,train,11
train/water polo ball/086.jpg,water polo ball,train,11
train/water polo ball/087.jpg,water polo ball,train,11
train/water polo ball/088.jpg,water polo ball,train,11
train/water polo ball/089.jpg,water polo ball,train,11
train/water polo ball/090.jpg,water polo ball,train,11
train/water polo ball/091.jpg,water polo ball,train,11
train/water polo ball/092.jpg,water polo ball,train,11
train/water polo ball/093.jpg,water polo ball,train,11
train/water polo ball/094.jpg,water polo ball,train,11
train/water polo ball/095.jpg,water polo ball,train,11
train/water polo ball/096.jpg,water polo ball,train,11
train/water polo ball/097.jpg,water polo ball,train,11
train/wiffle ball/01.jpg,wiffle ball,train,12
train/wiffle ball/02.jpg,wiffle ball,train,12
train/wiffle ball/03.jpg,wiffle ball,train,12
train/wiffle ball/04.jpg,wiffle ball,train,12
train/wiffle ball/05.jpg,wiffle ball,train,12
train/wiffle ball/06.jpg,wiffle ball,train,12
train/wiffle ball/07.jpg,wiffle ball,train,12
train/wiffle ball/08.jpg,wiffle ball,train,12
train/wiffle ball/09.jpg,wiffle ball,train,12
train/wiffle ball/10.jpg,wiffle ball,train,12
train/wiffle ball/11.jpg,wiffle ball,train,12
train/wiffle ball/12.jpg,wiffle ball,train,12
train/wiffle ball/13.jpg,wiffle ball,train,12
train/wiffle ball/14.jpg,wiffle ball,train,12
train/wiffle ball/15.jpg,wiffle ball,train,12
train/wiffle ball/16.jpg,wiffle ball,train,12
train/wiffle ball/17.jpg,wiffle ball,train,12
train/wiffle ball/18.jpg,wiffle ball,train,12
train/wiffle ball/19.jpg,wiffle ball,train,12
train/wiffle ball/20.jpg,wiffle ball,train,12
train/wiffle ball/21.jpg,wiffle ball,train,12
train/wiffle ball/22.jpg,wiffle ball,train,12
train/wiffle ball/23.jpg,wiffle ball,train,12
train/wiffle ball/24.jpg,wiffle ball,train,12
train/wiffle ball/25.jpg,wiffle ball,train,12
train/wiffle ball/26.jpg,wiffle ball,train,12
train/wiffle ball/27.jpg,wiffle ball,train,12
train/wiffle ball/28.jpg,wiffle ball,train,12
train/wiffle ball/29.jpg,wiffle ball,train,12
train/wiffle ball/30.jpg,wiffle ball,train,12
train/wiffle ball/31.jpg,wiffle ball,train,12
train/wiffle ball/32.jpg,wiffle ball,train,12
train/wiffle ball/33.jpg,wiffle ball,train,12
train/wiffle ball/34.jpg,wiffle ball,train,12
train/wiffle ball/35.jpg,wiffle ball,train,12
train/wiffle ball/36.jpg,wiffle ball,train,12
train/wiffle ball/37.jpg,wiffle ball,train,12
train/wiffle ball/38.jpg,wiffle ball,train,12
train/wiffle ball/39.jpg,wiffle ball,train,12
train/wiffle ball/40.jpg,wiffle ball,train,12
train/wiffle ball/41.jpg,wiffle ball,train,12
train/wiffle ball/42.jpg,wiffle ball,train,12
train/wiffle ball/43.jpg,wiffle ball,train,12
train/wiffle ball/44.jpg,wiffle ball,train,12
train/wiffle ball/45.jpg,wiffle ball,train,12
train/wiffle ball/46.jpg,wiffle ball,train,12
train/wiffle ball/47.jpg,wiffle ball,train,12
train/wiffle ball/48.jpg,wiffle ball,train,12
train/wiffle ball/49.jpg,wiffle ball,train,12
train/wiffle ball/50.jpg,wiffle ball,train,12
train/wiffle ball/51.jpg,wiffle ball,train,12
train/wiffle ball/52.jpg,wiffle ball,train,12
train/wiffle ball/53.jpg,wiffle ball,train,12
train/wiffle ball/54.jpg,wiffle ball,train,12
train/wiffle ball/55.jpg,wiffle ball,train,12
train/wiffle ball/56.jpg,wiffle ball,train,12
train/wiffle ball/57.jpg,wiffle ball,train,12
train/wiffle ball/58.jpg,wiffle ball,train,12
train/wiffle ball/59.jpg,wiffle ball,train,12
train/wiffle ball/60.jpg,wiffle ball,train,12
train/wiffle ball/61.jpg,wiffle ball,train,12
train/wiffle ball/62.jpg,wiffle ball,train,12
train/wiffle ball/63.jpg,wiffle ball,train,12
train/wiffle ball/64.jpg,wiffle ball,train,12
train/wiffle ball/65.jpg,wiffle ball,train,12
train/wiffle ball/66.jpg,wiffle ball,train,12
train/wiffle ball/67.jpg,wiffle ball,train,12
train/wiffle ball/68.jpg,wiffle ball,train,12
train/wiffle ball/69.jpg,wiffle ball,train,12
train/wiffle ball/70.jpg,wiffle ball,train,12
train/wiffle ball/71.jpg,wiffle ball,train,12
train/wiffle ball/72.jpg,wiffle ball,train,12
train/wiffle ball/73.jpg,wiffle ball,train,12
train/wiffle ball/74.jpg,wiffle ball,train,12
train/wiffle ball/75.jpg,wiffle ball,train,12
train/wiffle ball/76.jpg,wiffle ball,train,12
train/wiffle ball/77.jpg,wiffle ball,train,12
train/wiffle ball/78.jpg,wiffle ball,train,12
train/wiffle ball/79.jpg,wiffle ball,train,12
train/wiffle ball/80.jpg,wiffle ball,train,12
train/wiffle ball/81.jpg,wiffle ball,train,12
train/wiffle ball/82.jpg,wiffle ball,train,12
train/wiffle ball/83.jpg,wiffle ball,train,12
train/wiffle ball/84.jpg,wiffle ball,train,12
train/wiffle ball/85.jpg,wiffle ball,train,12
train/wiffle ball/86.jpg,wiffle ball,train,12
train/wiffle ball/87.jpg,wiffle ball,train,12
train/wiffle ball/88.jpg,wiffle ball,train,12
train/wiffle ball/89.jpg,wiffle ball,train,12
train/wiffle ball/90.jpg,wiffle ball,train,12
train/wiffle ball/91.jpg,wiffle ball,train,12
train/wiffle ball/92.jpg,wiffle ball,train,12
train/wiffle ball/93.jpg,wiffle ball,train,12
train/wiffle ball/94.jpg,wiffle ball,train,12
train/wiffle ball/95.jpg,wiffle ball,train,12
train/wiffle ball/96.jpg,wiffle ball,train,12
train/wiffle ball/97.jpg,wiffle ball,train,12
test/baseball/1.jpg,baseball,test,0
test/baseball/2.jpg,baseball,test,0
test/baseball/3.jpg,baseball,test,0
test/baseball/4.jpg,baseball,test,0
test/baseball/5.jpg,baseball,test,0
test/basketball/1.jpg,basketball,test,1
test/basketball/2.jpg,basketball,test,1
test/basketball/3.jpg,basketball,test,1
test/basketball/4.jpg,basketball,test,1
test/basketball/5.jpg,basketball,test,1
test/beachballs/1.jpg,beachballs,test,2
test/beachballs/2.jpg,beachballs,test,2
test/beachballs/3.jpg,beachballs,test,2
test/beachballs/4.jpg,beachballs,test,2
test/beachballs/5.jpg,beachballs,test,2
test/bowling ball/1.jpg,bowling ball,test,3
test/bowling ball/2.jpg,bowling ball,test,3
test/bowling ball/3.jpg,bowling ball,test,3
test/bowling ball/4.jpg,bowling ball,test,3
test/bowling ball/5.jpg,bowling ball,test,3
test/brass/1.jpg,brass,test,4
test/brass/2.jpg,brass,test,4
test/brass/3.jpg,brass,test,4
test/brass/4.jpg,brass,test,4
test/brass/5.jpg,brass,test,4
test/cricket ball/1.jpg,cricket ball,test,5
test/cricket ball/2.jpg,cricket ball,test,5
test/cricket ball/3.jpg,cricket ball,test,5
test/cricket ball/4.jpg,cricket ball,test,5
test/cricket ball/5.jpg,cricket ball,test,5
test/football/1.jpg,football,test,6
test/football/2.jpg,football,test,6
test/football/3.jpg,football,test,6
test/football/4.jpg,football,test,6
test/football/5.jpg,football,test,6
test/golf ball/1.jpg,golf ball,test,7
test/golf ball/2.jpg,golf ball,test,7
test/golf ball/3.jpg,golf ball,test,7
test/golf ball/4.jpg,golf ball,test,7
test/golf ball/5.jpg,golf ball,test,7
test/soccer ball/1.jpg,soccer ball,test,8
test/soccer ball/2.jpg,soccer ball,test,8
test/soccer ball/3.jpg,soccer ball,test,8
test/soccer ball/4.jpg,soccer ball,test,8
test/soccer ball/5.jpg,soccer ball,test,8
test/tennis ball/1.jpg,tennis ball,test,9
test/tennis ball/2.jpg,tennis ball,test,9
test/tennis ball/3.jpg,tennis ball,test,9
test/tennis ball/4.jpg,tennis ball,test,9
test/tennis ball/5.jpg,tennis ball,test,9
test/volley ball/1.jpg,volley ball,test,10
test/volley ball/2.jpg,volley ball,test,10
test/volley ball/3.jpg,volley ball,test,10
test/volley ball/4.jpg,volley ball,test,10
test/volley ball/5.jpg,volley ball,test,10
test/water polo ball/1.jpg,water polo ball,test,11
test/water polo ball/2.jpg,water polo ball,test,11
test/water polo ball/3.jpg,water polo ball,test,11
test/water polo ball/4.jpg,water polo ball,test,11
test/water polo ball/5.jpg,water polo ball,test,11
test/wiffle ball/1.jpg,wiffle ball,test,12
test/wiffle ball/2.jpg,wiffle ball,test,12
test/wiffle ball/3.jpg,wiffle ball,test,12
test/wiffle ball/4.jpg,wiffle ball,test,12
test/wiffle ball/5.jpg,wiffle ball,test,12
